gene	score_guild	rank
1	0.4444444443409641	1
4074	0.1667874396135828	2
2288	0.1667874396135828	3
9997	0.00012077294691614142	4
9935	0.00012077294691614142	5
9939	0.00012077294691614142	6
9943	0.00012077294691614142	7
9951	0.00012077294691614142	8
9953	0.00012077294691614142	9
9955	0.00012077294691614142	10
9956	0.00012077294691614142	11
9965	0.00012077294691614142	12
9966	0.00012077294691614142	13
997	0.00012077294691614142	14
9978	0.00012077294691614142	15
9982	0.00012077294691614142	16
9986	0.00012077294691614142	17
9992	0.00012077294691614142	18
988	0.00012077294691614142	19
100287478	0.00012077294691614142	20
100287513	0.00012077294691614142	21
100287932	0.00012077294691614142	22
100423062	0.00012077294691614142	23
100431172	0.00012077294691614142	24
100463285	0.00012077294691614142	25
100463482	0.00012077294691614142	26
100463486	0.00012077294691614142	27
100463498	0.00012077294691614142	28
100526740	0.00012077294691614142	29
100526767	0.00012077294691614142	30
100526794	0.00012077294691614142	31
100529097	0.00012077294691614142	32
100529239	0.00012077294691614142	33
100532726	0.00012077294691614142	34
100532731	0.00012077294691614142	35
100534599	0.00012077294691614142	36
10063	0.00012077294691614142	37
10071	0.00012077294691614142	38
100861540	0.00012077294691614142	39
10090	0.00012077294691614142	40
10098	0.00012077294691614142	41
100996939	0.00012077294691614142	42
10120	0.00012077294691614142	43
10140	0.00012077294691614142	44
10148	0.00012077294691614142	45
1018	0.00012077294691614142	46
10189	0.00012077294691614142	47
10199	0.00012077294691614142	48
10201	0.00012077294691614142	49
10210	0.00012077294691614142	50
10215	0.00012077294691614142	51
10221	0.00012077294691614142	52
10226	0.00012077294691614142	53
10240	0.00012077294691614142	54
10248	0.00012077294691614142	55
10268	0.00012077294691614142	56
10270	0.00012077294691614142	57
102723407	0.00012077294691614142	58
102724159	0.00012077294691614142	59
102724594	0.00012077294691614142	60
102724652	0.00012077294691614142	61
102724788	0.00012077294691614142	62
10286	0.00012077294691614142	63
10289	0.00012077294691614142	64
10309	0.00012077294691614142	65
1032	0.00012077294691614142	66
10324	0.00012077294691614142	67
10328	0.00012077294691614142	68
1036	0.00012077294691614142	69
10368	0.00012077294691614142	70
10369	0.00012077294691614142	71
10379	0.00012077294691614142	72
10383	0.00012077294691614142	73
1039	0.00012077294691614142	74
1041	0.00012077294691614142	75
10418	0.00012077294691614142	76
10421	0.00012077294691614142	77
10428	0.00012077294691614142	78
10432	0.00012077294691614142	79
10435	0.00012077294691614142	80
1046	0.00012077294691614142	81
10469	0.00012077294691614142	82
10481	0.00012077294691614142	83
1050	0.00012077294691614142	84
1051	0.00012077294691614142	85
1052	0.00012077294691614142	86
1053	0.00012077294691614142	87
10535	0.00012077294691614142	88
105375355	0.00012077294691614142	89
10538	0.00012077294691614142	90
1054	0.00012077294691614142	91
10544	0.00012077294691614142	92
10563	0.00012077294691614142	93
10566	0.00012077294691614142	94
10584	0.00012077294691614142	95
10589	0.00012077294691614142	96
10597	0.00012077294691614142	97
10598	0.00012077294691614142	98
10602	0.00012077294691614142	99
10606	0.00012077294691614142	100
10623	0.00012077294691614142	101
10628	0.00012077294691614142	102
10629	0.00012077294691614142	103
10632	0.00012077294691614142	104
10647	0.00012077294691614142	105
10652	0.00012077294691614142	106
10654	0.00012077294691614142	107
10666	0.00012077294691614142	108
10670	0.00012077294691614142	109
10671	0.00012077294691614142	110
1068	0.00012077294691614142	111
10686	0.00012077294691614142	112
10692	0.00012077294691614142	113
1070	0.00012077294691614142	114
10714	0.00012077294691614142	115
107987373	0.00012077294691614142	116
10800	0.00012077294691614142	117
10809	0.00012077294691614142	118
1081	0.00012077294691614142	119
10811	0.00012077294691614142	120
10818	0.00012077294691614142	121
10850	0.00012077294691614142	122
10858	0.00012077294691614142	123
10871	0.00012077294691614142	124
10888	0.00012077294691614142	125
10891	0.00012077294691614142	126
10894	0.00012077294691614142	127
10926	0.00012077294691614142	128
10929	0.00012077294691614142	129
10930	0.00012077294691614142	130
10945	0.00012077294691614142	131
10949	0.00012077294691614142	132
10961	0.00012077294691614142	133
109703458	0.00012077294691614142	134
10972	0.00012077294691614142	135
10978	0.00012077294691614142	136
11018	0.00012077294691614142	137
11041	0.00012077294691614142	138
11045	0.00012077294691614142	139
11056	0.00012077294691614142	140
11067	0.00012077294691614142	141
11081	0.00012077294691614142	142
11091	0.00012077294691614142	143
11096	0.00012077294691614142	144
11112	0.00012077294691614142	145
11140	0.00012077294691614142	146
11172	0.00012077294691614142	147
11193	0.00012077294691614142	148
1122	0.00012077294691614142	149
11222	0.00012077294691614142	150
11227	0.00012077294691614142	151
11232	0.00012077294691614142	152
11236	0.00012077294691614142	153
112398	0.00012077294691614142	154
112609	0.00012077294691614142	155
112694756	0.00012077294691614142	156
112714	0.00012077294691614142	157
1128	0.00012077294691614142	158
112817	0.00012077294691614142	159
112858	0.00012077294691614142	160
112869	0.00012077294691614142	161
113091	0.00012077294691614142	162
113189	0.00012077294691614142	163
1132	0.00012077294691614142	164
11329	0.00012077294691614142	165
11331	0.00012077294691614142	166
11339	0.00012077294691614142	167
11345	0.00012077294691614142	168
1141	0.00012077294691614142	169
114131	0.00012077294691614142	170
114791	0.00012077294691614142	171
114907	0.00012077294691614142	172
115416	0.00012077294691614142	173
115650	0.00012077294691614142	174
115653	0.00012077294691614142	175
116150	0.00012077294691614142	176
116285	0.00012077294691614142	177
1164	0.00012077294691614142	178
116442	0.00012077294691614142	179
116443	0.00012077294691614142	180
116540	0.00012077294691614142	181
116541	0.00012077294691614142	182
117143	0.00012077294691614142	183
117144	0.00012077294691614142	184
117194	0.00012077294691614142	185
117285	0.00012077294691614142	186
117579	0.00012077294691614142	187
118460	0.00012077294691614142	188
118487	0.00012077294691614142	189
119504	0.00012077294691614142	190
1207	0.00012077294691614142	191
121340	0.00012077294691614142	192
121504	0.00012077294691614142	193
122042	0.00012077294691614142	194
122706	0.00012077294691614142	195
122876	0.00012077294691614142	196
122970	0.00012077294691614142	197
1230	0.00012077294691614142	198
123099	0.00012077294691614142	199
1233	0.00012077294691614142	200
1236	0.00012077294691614142	201
1237	0.00012077294691614142	202
124944	0.00012077294691614142	203
125111	0.00012077294691614142	204
125150	0.00012077294691614142	205
125981	0.00012077294691614142	206
125988	0.00012077294691614142	207
125997	0.00012077294691614142	208
126003	0.00012077294691614142	209
126074	0.00012077294691614142	210
126638	0.00012077294691614142	211
126792	0.00012077294691614142	212
126961	0.00012077294691614142	213
1270	0.00012077294691614142	214
128312	0.00012077294691614142	215
128506	0.00012077294691614142	216
128674	0.00012077294691614142	217
128866	0.00012077294691614142	218
129521	0.00012077294691614142	219
131118	0.00012077294691614142	220
131669	0.00012077294691614142	221
131890	0.00012077294691614142	222
132243	0.00012077294691614142	223
1325	0.00012077294691614142	224
1329	0.00012077294691614142	225
132946	0.00012077294691614142	226
1337	0.00012077294691614142	227
133746	0.00012077294691614142	228
1339	0.00012077294691614142	229
134353	0.00012077294691614142	230
134510	0.00012077294691614142	231
134526	0.00012077294691614142	232
1351	0.00012077294691614142	233
135154	0.00012077294691614142	234
135458	0.00012077294691614142	235
135644	0.00012077294691614142	236
1359	0.00012077294691614142	237
136	0.00012077294691614142	238
136991	0.00012077294691614142	239
1370	0.00012077294691614142	240
137075	0.00012077294691614142	241
137362	0.00012077294691614142	242
1376	0.00012077294691614142	243
1381	0.00012077294691614142	244
1382	0.00012077294691614142	245
138474	0.00012077294691614142	246
1392	0.00012077294691614142	247
139341	0.00012077294691614142	248
139760	0.00012077294691614142	249
1398	0.00012077294691614142	250
140596	0.00012077294691614142	251
140679	0.00012077294691614142	252
140687	0.00012077294691614142	253
140735	0.00012077294691614142	254
140801	0.00012077294691614142	255
140850	0.00012077294691614142	256
140881	0.00012077294691614142	257
1409	0.00012077294691614142	258
1410	0.00012077294691614142	259
1411	0.00012077294691614142	260
1415	0.00012077294691614142	261
1420	0.00012077294691614142	262
1421	0.00012077294691614142	263
1427	0.00012077294691614142	264
142940	0.00012077294691614142	265
143244	0.00012077294691614142	266
1437	0.00012077294691614142	267
144193	0.00012077294691614142	268
144699	0.00012077294691614142	269
1447	0.00012077294691614142	270
1448	0.00012077294691614142	271
145173	0.00012077294691614142	272
145258	0.00012077294691614142	273
145264	0.00012077294691614142	274
1459	0.00012077294691614142	275
146	0.00012077294691614142	276
1464	0.00012077294691614142	277
146456	0.00012077294691614142	278
146712	0.00012077294691614142	279
146850	0.00012077294691614142	280
147	0.00012077294691614142	281
1475	0.00012077294691614142	282
148170	0.00012077294691614142	283
1489	0.00012077294691614142	284
1490	0.00012077294691614142	285
149018	0.00012077294691614142	286
149111	0.00012077294691614142	287
149371	0.00012077294691614142	288
150094	0.00012077294691614142	289
150465	0.00012077294691614142	290
1511	0.00012077294691614142	291
1519	0.00012077294691614142	292
152189	0.00012077294691614142	293
152831	0.00012077294691614142	294
1536	0.00012077294691614142	295
1537	0.00012077294691614142	296
154	0.00012077294691614142	297
154064	0.00012077294691614142	298
1544	0.00012077294691614142	299
1548	0.00012077294691614142	300
1553	0.00012077294691614142	301
155382	0.00012077294691614142	302
155465	0.00012077294691614142	303
157855	0.00012077294691614142	304
1581	0.00012077294691614142	305
1582	0.00012077294691614142	306
1585	0.00012077294691614142	307
1586	0.00012077294691614142	308
158835	0.00012077294691614142	309
158983	0.00012077294691614142	310
1593	0.00012077294691614142	311
1602	0.00012077294691614142	312
1610	0.00012077294691614142	313
161725	0.00012077294691614142	314
161882	0.00012077294691614142	315
164153	0.00012077294691614142	316
165679	0.00012077294691614142	317
165918	0.00012077294691614142	318
1667	0.00012077294691614142	319
1668	0.00012077294691614142	320
1669	0.00012077294691614142	321
1670	0.00012077294691614142	322
1671	0.00012077294691614142	323
1672	0.00012077294691614142	324
1673	0.00012077294691614142	325
1675	0.00012077294691614142	326
1678	0.00012077294691614142	327
169522	0.00012077294691614142	328
170589	0.00012077294691614142	329
170689	0.00012077294691614142	330
171546	0.00012077294691614142	331
1719	0.00012077294691614142	332
1767	0.00012077294691614142	333
1777	0.00012077294691614142	334
1791	0.00012077294691614142	335
181	0.00012077294691614142	336
1812	0.00012077294691614142	337
1828	0.00012077294691614142	338
183	0.00012077294691614142	339
1839	0.00012077294691614142	340
1840	0.00012077294691614142	341
1843	0.00012077294691614142	342
1844	0.00012077294691614142	343
1846	0.00012077294691614142	344
1848	0.00012077294691614142	345
186	0.00012077294691614142	346
1870	0.00012077294691614142	347
1874	0.00012077294691614142	348
189	0.00012077294691614142	349
1891	0.00012077294691614142	350
1892	0.00012077294691614142	351
1903	0.00012077294691614142	352
1906	0.00012077294691614142	353
192111	0.00012077294691614142	354
1943	0.00012077294691614142	355
1945	0.00012077294691614142	356
1947	0.00012077294691614142	357
1949	0.00012077294691614142	358
1958	0.00012077294691614142	359
1960	0.00012077294691614142	360
1961	0.00012077294691614142	361
1978	0.00012077294691614142	362
1991	0.00012077294691614142	363
199834	0.00012077294691614142	364
200895	0.00012077294691614142	365
2021	0.00012077294691614142	366
2026	0.00012077294691614142	367
203245	0.00012077294691614142	368
2041	0.00012077294691614142	369
2049	0.00012077294691614142	370
2056	0.00012077294691614142	371
2069	0.00012077294691614142	372
2091	0.00012077294691614142	373
2119	0.00012077294691614142	374
2125	0.00012077294691614142	375
2149	0.00012077294691614142	376
2151	0.00012077294691614142	377
2167	0.00012077294691614142	378
2178	0.00012077294691614142	379
2188	0.00012077294691614142	380
219	0.00012077294691614142	381
2194	0.00012077294691614142	382
220074	0.00012077294691614142	383
2206	0.00012077294691614142	384
221078	0.00012077294691614142	385
221613	0.00012077294691614142	386
221823	0.00012077294691614142	387
221830	0.00012077294691614142	388
221914	0.00012077294691614142	389
222537	0.00012077294691614142	390
222663	0.00012077294691614142	391
2230	0.00012077294691614142	392
2237	0.00012077294691614142	393
2239	0.00012077294691614142	394
2248	0.00012077294691614142	395
2249	0.00012077294691614142	396
225	0.00012077294691614142	397
2251	0.00012077294691614142	398
2254	0.00012077294691614142	399
2255	0.00012077294691614142	400
2271	0.00012077294691614142	401
2277	0.00012077294691614142	402
22802	0.00012077294691614142	403
22803	0.00012077294691614142	404
22845	0.00012077294691614142	405
22856	0.00012077294691614142	406
22863	0.00012077294691614142	407
22914	0.00012077294691614142	408
22919	0.00012077294691614142	409
22926	0.00012077294691614142	410
22934	0.00012077294691614142	411
23012	0.00012077294691614142	412
23071	0.00012077294691614142	413
23137	0.00012077294691614142	414
23191	0.00012077294691614142	415
23212	0.00012077294691614142	416
23220	0.00012077294691614142	417
23235	0.00012077294691614142	418
23237	0.00012077294691614142	419
23246	0.00012077294691614142	420
23252	0.00012077294691614142	421
23258	0.00012077294691614142	422
23283	0.00012077294691614142	423
23307	0.00012077294691614142	424
23309	0.00012077294691614142	425
23354	0.00012077294691614142	426
23365	0.00012077294691614142	427
23389	0.00012077294691614142	428
23409	0.00012077294691614142	429
23417	0.00012077294691614142	430
2342	0.00012077294691614142	431
23424	0.00012077294691614142	432
23471	0.00012077294691614142	433
23493	0.00012077294691614142	434
23495	0.00012077294691614142	435
23551	0.00012077294691614142	436
23554	0.00012077294691614142	437
23566	0.00012077294691614142	438
23568	0.00012077294691614142	439
2357	0.00012077294691614142	440
2358	0.00012077294691614142	441
23581	0.00012077294691614142	442
2359	0.00012077294691614142	443
23592	0.00012077294691614142	444
23594	0.00012077294691614142	445
23600	0.00012077294691614142	446
23607	0.00012077294691614142	447
23643	0.00012077294691614142	448
23645	0.00012077294691614142	449
23649	0.00012077294691614142	450
23704	0.00012077294691614142	451
23708	0.00012077294691614142	452
23741	0.00012077294691614142	453
23753	0.00012077294691614142	454
23779	0.00012077294691614142	455
24138	0.00012077294691614142	456
24147	0.00012077294691614142	457
24148	0.00012077294691614142	458
245802	0.00012077294691614142	459
245908	0.00012077294691614142	460
245909	0.00012077294691614142	461
245911	0.00012077294691614142	462
245913	0.00012077294691614142	463
245927	0.00012077294691614142	464
245928	0.00012077294691614142	465
245929	0.00012077294691614142	466
245930	0.00012077294691614142	467
245932	0.00012077294691614142	468
245934	0.00012077294691614142	469
245936	0.00012077294691614142	470
245937	0.00012077294691614142	471
245938	0.00012077294691614142	472
245939	0.00012077294691614142	473
245972	0.00012077294691614142	474
246184	0.00012077294691614142	475
246721	0.00012077294691614142	476
246778	0.00012077294691614142	477
248	0.00012077294691614142	478
250	0.00012077294691614142	479
251	0.00012077294691614142	480
2520	0.00012077294691614142	481
2526	0.00012077294691614142	482
2527	0.00012077294691614142	483
253430	0.00012077294691614142	484
2535	0.00012077294691614142	485
2549	0.00012077294691614142	486
254910	0.00012077294691614142	487
255308	0.00012077294691614142	488
255626	0.00012077294691614142	489
256126	0.00012077294691614142	490
256297	0.00012077294691614142	491
256933	0.00012077294691614142	492
257202	0.00012077294691614142	493
257313	0.00012077294691614142	494
25842	0.00012077294691614142	495
2587	0.00012077294691614142	496
25906	0.00012077294691614142	497
25920	0.00012077294691614142	498
25928	0.00012077294691614142	499
25929	0.00012077294691614142	500
259296	0.00012077294691614142	501
2595	0.00012077294691614142	502
25978	0.00012077294691614142	503
26020	0.00012077294691614142	504
260434	0.00012077294691614142	505
26063	0.00012077294691614142	506
26065	0.00012077294691614142	507
2619	0.00012077294691614142	508
26239	0.00012077294691614142	509
26251	0.00012077294691614142	510
26253	0.00012077294691614142	511
26281	0.00012077294691614142	512
26290	0.00012077294691614142	513
26330	0.00012077294691614142	514
26353	0.00012077294691614142	515
2646	0.00012077294691614142	516
2647	0.00012077294691614142	517
26508	0.00012077294691614142	518
26517	0.00012077294691614142	519
26519	0.00012077294691614142	520
26524	0.00012077294691614142	521
26574	0.00012077294691614142	522
26575	0.00012077294691614142	523
26577	0.00012077294691614142	524
26589	0.00012077294691614142	525
2661	0.00012077294691614142	526
266722	0.00012077294691614142	527
267020	0.00012077294691614142	528
26747	0.00012077294691614142	529
268	0.00012077294691614142	530
2688	0.00012077294691614142	531
2691	0.00012077294691614142	532
2693	0.00012077294691614142	533
2695	0.00012077294691614142	534
2696	0.00012077294691614142	535
2697	0.00012077294691614142	536
2700	0.00012077294691614142	537
27022	0.00012077294691614142	538
2703	0.00012077294691614142	539
2706	0.00012077294691614142	540
27076	0.00012077294691614142	541
27092	0.00012077294691614142	542
27097	0.00012077294691614142	543
27121	0.00012077294691614142	544
27123	0.00012077294691614142	545
27175	0.00012077294691614142	546
27178	0.00012077294691614142	547
27180	0.00012077294691614142	548
27232	0.00012077294691614142	549
27243	0.00012077294691614142	550
27246	0.00012077294691614142	551
27258	0.00012077294691614142	552
27287	0.00012077294691614142	553
27297	0.00012077294691614142	554
27301	0.00012077294691614142	555
27302	0.00012077294691614142	556
27304	0.00012077294691614142	557
27329	0.00012077294691614142	558
27333	0.00012077294691614142	559
27339	0.00012077294691614142	560
27340	0.00012077294691614142	561
27345	0.00012077294691614142	562
27350	0.00012077294691614142	563
2740	0.00012077294691614142	564
2746	0.00012077294691614142	565
2747	0.00012077294691614142	566
2767	0.00012077294691614142	567
2769	0.00012077294691614142	568
2781	0.00012077294691614142	569
2785	0.00012077294691614142	570
279	0.00012077294691614142	571
2790	0.00012077294691614142	572
2791	0.00012077294691614142	573
2793	0.00012077294691614142	574
280	0.00012077294691614142	575
2811	0.00012077294691614142	576
2812	0.00012077294691614142	577
2814	0.00012077294691614142	578
2815	0.00012077294691614142	579
2817	0.00012077294691614142	580
2826	0.00012077294691614142	581
282679	0.00012077294691614142	582
2829	0.00012077294691614142	583
2832	0.00012077294691614142	584
283254	0.00012077294691614142	585
2833	0.00012077294691614142	586
2834	0.00012077294691614142	587
2837	0.00012077294691614142	588
283871	0.00012077294691614142	589
284098	0.00012077294691614142	590
2843	0.00012077294691614142	591
284359	0.00012077294691614142	592
2845	0.00012077294691614142	593
2847	0.00012077294691614142	594
28514	0.00012077294691614142	595
285613	0.00012077294691614142	596
285643	0.00012077294691614142	597
286053	0.00012077294691614142	598
2864	0.00012077294691614142	599
2876	0.00012077294691614142	600
2880	0.00012077294691614142	601
2882	0.00012077294691614142	602
28958	0.00012077294691614142	603
28986	0.00012077294691614142	604
28998	0.00012077294691614142	605
2904	0.00012077294691614142	606
2906	0.00012077294691614142	607
29071	0.00012077294691614142	608
29078	0.00012077294691614142	609
29088	0.00012077294691614142	610
29103	0.00012077294691614142	611
29107	0.00012077294691614142	612
29128	0.00012077294691614142	613
2919	0.00012077294691614142	614
292	0.00012077294691614142	615
2920	0.00012077294691614142	616
2921	0.00012077294691614142	617
2938	0.00012077294691614142	618
2939	0.00012077294691614142	619
2961	0.00012077294691614142	620
29777	0.00012077294691614142	621
2979	0.00012077294691614142	622
2980	0.00012077294691614142	623
29802	0.00012077294691614142	624
2981	0.00012077294691614142	625
2984	0.00012077294691614142	626
2986	0.00012077294691614142	627
29880	0.00012077294691614142	628
29882	0.00012077294691614142	629
29928	0.00012077294691614142	630
29935	0.00012077294691614142	631
29947	0.00012077294691614142	632
29978	0.00012077294691614142	633
2998	0.00012077294691614142	634
3000	0.00012077294691614142	635
3001	0.00012077294691614142	636
3003	0.00012077294691614142	637
3004	0.00012077294691614142	638
3005	0.00012077294691614142	639
3008	0.00012077294691614142	640
3009	0.00012077294691614142	641
3012	0.00012077294691614142	642
3013	0.00012077294691614142	643
3014	0.00012077294691614142	644
3017	0.00012077294691614142	645
3018	0.00012077294691614142	646
3024	0.00012077294691614142	647
3039	0.00012077294691614142	648
3043	0.00012077294691614142	649
3046	0.00012077294691614142	650
3047	0.00012077294691614142	651
3050	0.00012077294691614142	652
3060	0.00012077294691614142	653
3062	0.00012077294691614142	654
3078	0.00012077294691614142	655
30816	0.00012077294691614142	656
30833	0.00012077294691614142	657
30849	0.00012077294691614142	658
30851	0.00012077294691614142	659
31	0.00012077294691614142	660
3109	0.00012077294691614142	661
3112	0.00012077294691614142	662
3113	0.00012077294691614142	663
3118	0.00012077294691614142	664
3120	0.00012077294691614142	665
3127	0.00012077294691614142	666
3133	0.00012077294691614142	667
314	0.00012077294691614142	668
3169	0.00012077294691614142	669
3175	0.00012077294691614142	670
317772	0.00012077294691614142	671
3188	0.00012077294691614142	672
320	0.00012077294691614142	673
3204	0.00012077294691614142	674
3221	0.00012077294691614142	675
3222	0.00012077294691614142	676
3240	0.00012077294691614142	677
3250	0.00012077294691614142	678
326340	0.00012077294691614142	679
3280	0.00012077294691614142	680
3281	0.00012077294691614142	681
329	0.00012077294691614142	682
3291	0.00012077294691614142	683
33	0.00012077294691614142	684
3304	0.00012077294691614142	685
3306	0.00012077294691614142	686
3309	0.00012077294691614142	687
3310	0.00012077294691614142	688
3337	0.00012077294691614142	689
333932	0.00012077294691614142	690
3351	0.00012077294691614142	691
337	0.00012077294691614142	692
3375	0.00012077294691614142	693
337876	0.00012077294691614142	694
3381	0.00012077294691614142	695
3383	0.00012077294691614142	696
338328	0.00012077294691614142	697
338382	0.00012077294691614142	698
338567	0.00012077294691614142	699
339	0.00012077294691614142	700
339345	0.00012077294691614142	701
339403	0.00012077294691614142	702
3397	0.00012077294691614142	703
339745	0.00012077294691614142	704
3399	0.00012077294691614142	705
339983	0.00012077294691614142	706
340348	0.00012077294691614142	707
340485	0.00012077294691614142	708
341	0.00012077294691614142	709
341116	0.00012077294691614142	710
341392	0.00012077294691614142	711
3430	0.00012077294691614142	712
343035	0.00012077294691614142	713
343637	0.00012077294691614142	714
3439	0.00012077294691614142	715
3443	0.00012077294691614142	716
3447	0.00012077294691614142	717
3448	0.00012077294691614142	718
345456	0.00012077294691614142	719
3456	0.00012077294691614142	720
345630	0.00012077294691614142	721
345643	0.00012077294691614142	722
345651	0.00012077294691614142	723
3458	0.00012077294691614142	724
346	0.00012077294691614142	725
346562	0.00012077294691614142	726
347148	0.00012077294691614142	727
347688	0.00012077294691614142	728
348110	0.00012077294691614142	729
3483	0.00012077294691614142	730
3487	0.00012077294691614142	731
3488	0.00012077294691614142	732
3489	0.00012077294691614142	733
348980	0.00012077294691614142	734
35	0.00012077294691614142	735
353091	0.00012077294691614142	736
353131	0.00012077294691614142	737
353132	0.00012077294691614142	738
353133	0.00012077294691614142	739
353135	0.00012077294691614142	740
353137	0.00012077294691614142	741
353139	0.00012077294691614142	742
353140	0.00012077294691614142	743
353141	0.00012077294691614142	744
353142	0.00012077294691614142	745
353143	0.00012077294691614142	746
353144	0.00012077294691614142	747
353145	0.00012077294691614142	748
353376	0.00012077294691614142	749
3543	0.00012077294691614142	750
3549	0.00012077294691614142	751
3552	0.00012077294691614142	752
3558	0.00012077294691614142	753
356	0.00012077294691614142	754
3562	0.00012077294691614142	755
3577	0.00012077294691614142	756
3579	0.00012077294691614142	757
3586	0.00012077294691614142	758
3589	0.00012077294691614142	759
359	0.00012077294691614142	760
3592	0.00012077294691614142	761
3593	0.00012077294691614142	762
3596	0.00012077294691614142	763
3598	0.00012077294691614142	764
360205	0.00012077294691614142	765
3604	0.00012077294691614142	766
362	0.00012077294691614142	767
3622	0.00012077294691614142	768
3623	0.00012077294691614142	769
3625	0.00012077294691614142	770
3626	0.00012077294691614142	771
3627	0.00012077294691614142	772
3630	0.00012077294691614142	773
3640	0.00012077294691614142	774
3641	0.00012077294691614142	775
3642	0.00012077294691614142	776
3651	0.00012077294691614142	777
3656	0.00012077294691614142	778
3667	0.00012077294691614142	779
3690	0.00012077294691614142	780
3692	0.00012077294691614142	781
3707	0.00012077294691614142	782
3713	0.00012077294691614142	783
3714	0.00012077294691614142	784
3725	0.00012077294691614142	785
3726	0.00012077294691614142	786
3727	0.00012077294691614142	787
3739	0.00012077294691614142	788
3741	0.00012077294691614142	789
374378	0.00012077294691614142	790
3746	0.00012077294691614142	791
374907	0.00012077294691614142	792
374946	0.00012077294691614142	793
375189	0.00012077294691614142	794
3754	0.00012077294691614142	795
3764	0.00012077294691614142	796
3767	0.00012077294691614142	797
377630	0.00012077294691614142	798
3779	0.00012077294691614142	799
378807	0.00012077294691614142	800
378884	0.00012077294691614142	801
3792	0.00012077294691614142	802
3804	0.00012077294691614142	803
3812	0.00012077294691614142	804
3814	0.00012077294691614142	805
382	0.00012077294691614142	806
3822	0.00012077294691614142	807
3832	0.00012077294691614142	808
3833	0.00012077294691614142	809
3838	0.00012077294691614142	810
384	0.00012077294691614142	811
3848	0.00012077294691614142	812
3849	0.00012077294691614142	813
3858	0.00012077294691614142	814
387082	0.00012077294691614142	815
387103	0.00012077294691614142	816
387332	0.00012077294691614142	817
387496	0.00012077294691614142	818
387509	0.00012077294691614142	819
387836	0.00012077294691614142	820
387990	0.00012077294691614142	821
388531	0.00012077294691614142	822
388552	0.00012077294691614142	823
388585	0.00012077294691614142	824
388662	0.00012077294691614142	825
389400	0.00012077294691614142	826
389692	0.00012077294691614142	827
39	0.00012077294691614142	828
3902	0.00012077294691614142	829
390243	0.00012077294691614142	830
3906	0.00012077294691614142	831
390874	0.00012077294691614142	832
390916	0.00012077294691614142	833
3915	0.00012077294691614142	834
392188	0.00012077294691614142	835
3929	0.00012077294691614142	836
3931	0.00012077294691614142	837
394263	0.00012077294691614142	838
3952	0.00012077294691614142	839
3960	0.00012077294691614142	840
3963	0.00012077294691614142	841
397	0.00012077294691614142	842
3976	0.00012077294691614142	843
3998	0.00012077294691614142	844
400830	0.00012077294691614142	845
400916	0.00012077294691614142	846
401190	0.00012077294691614142	847
4014	0.00012077294691614142	848
401447	0.00012077294691614142	849
402	0.00012077294691614142	850
403	0.00012077294691614142	851
403314	0.00012077294691614142	852
403339	0.00012077294691614142	853
4040	0.00012077294691614142	854
404672	0.00012077294691614142	855
4049	0.00012077294691614142	856
4050	0.00012077294691614142	857
4060	0.00012077294691614142	858
4064	0.00012077294691614142	859
4066	0.00012077294691614142	860
4067	0.00012077294691614142	861
4092	0.00012077294691614142	862
4094	0.00012077294691614142	863
4100	0.00012077294691614142	864
4102	0.00012077294691614142	865
412	0.00012077294691614142	866
4121	0.00012077294691614142	867
4124	0.00012077294691614142	868
414062	0.00012077294691614142	869
4142	0.00012077294691614142	870
414325	0.00012077294691614142	871
4153	0.00012077294691614142	872
4157	0.00012077294691614142	873
4158	0.00012077294691614142	874
4159	0.00012077294691614142	875
4160	0.00012077294691614142	876
4161	0.00012077294691614142	877
4175	0.00012077294691614142	878
4189	0.00012077294691614142	879
4199	0.00012077294691614142	880
4214	0.00012077294691614142	881
4215	0.00012077294691614142	882
4236	0.00012077294691614142	883
4246	0.00012077294691614142	884
4247	0.00012077294691614142	885
4250	0.00012077294691614142	886
4282	0.00012077294691614142	887
4283	0.00012077294691614142	888
429	0.00012077294691614142	889
4296	0.00012077294691614142	890
4298	0.00012077294691614142	891
4302	0.00012077294691614142	892
4312	0.00012077294691614142	893
4316	0.00012077294691614142	894
431704	0.00012077294691614142	895
4318	0.00012077294691614142	896
4324	0.00012077294691614142	897
4326	0.00012077294691614142	898
434	0.00012077294691614142	899
4353	0.00012077294691614142	900
440093	0.00012077294691614142	901
440145	0.00012077294691614142	902
440567	0.00012077294691614142	903
440686	0.00012077294691614142	904
440689	0.00012077294691614142	905
440738	0.00012077294691614142	906
441531	0.00012077294691614142	907
441933	0.00012077294691614142	908
4438	0.00012077294691614142	909
4477	0.00012077294691614142	910
4487	0.00012077294691614142	911
448835	0.00012077294691614142	912
4508	0.00012077294691614142	913
4509	0.00012077294691614142	914
4512	0.00012077294691614142	915
4513	0.00012077294691614142	916
4514	0.00012077294691614142	917
4519	0.00012077294691614142	918
4535	0.00012077294691614142	919
4536	0.00012077294691614142	920
4537	0.00012077294691614142	921
4538	0.00012077294691614142	922
4539	0.00012077294691614142	923
4540	0.00012077294691614142	924
4541	0.00012077294691614142	925
4586	0.00012077294691614142	926
4608	0.00012077294691614142	927
4617	0.00012077294691614142	928
4622	0.00012077294691614142	929
4626	0.00012077294691614142	930
4635	0.00012077294691614142	931
4636	0.00012077294691614142	932
4643	0.00012077294691614142	933
4654	0.00012077294691614142	934
4656	0.00012077294691614142	935
466	0.00012077294691614142	936
4690	0.00012077294691614142	937
4694	0.00012077294691614142	938
4695	0.00012077294691614142	939
4701	0.00012077294691614142	940
4702	0.00012077294691614142	941
4709	0.00012077294691614142	942
4710	0.00012077294691614142	943
4713	0.00012077294691614142	944
4715	0.00012077294691614142	945
474381	0.00012077294691614142	946
474382	0.00012077294691614142	947
4747	0.00012077294691614142	948
4760	0.00012077294691614142	949
4783	0.00012077294691614142	950
4801	0.00012077294691614142	951
4803	0.00012077294691614142	952
4804	0.00012077294691614142	953
482	0.00012077294691614142	954
4821	0.00012077294691614142	955
4825	0.00012077294691614142	956
4830	0.00012077294691614142	957
4832	0.00012077294691614142	958
4837	0.00012077294691614142	959
4852	0.00012077294691614142	960
4854	0.00012077294691614142	961
4855	0.00012077294691614142	962
4856	0.00012077294691614142	963
4886	0.00012077294691614142	964
4887	0.00012077294691614142	965
4893	0.00012077294691614142	966
4902	0.00012077294691614142	967
4909	0.00012077294691614142	968
4913	0.00012077294691614142	969
4923	0.00012077294691614142	970
493753	0.00012077294691614142	971
493861	0.00012077294691614142	972
494143	0.00012077294691614142	973
495	0.00012077294691614142	974
4958	0.00012077294691614142	975
496	0.00012077294691614142	976
4974	0.00012077294691614142	977
49860	0.00012077294691614142	978
4990	0.00012077294691614142	979
4999	0.00012077294691614142	980
5004	0.00012077294691614142	981
5005	0.00012077294691614142	982
5008	0.00012077294691614142	983
5009	0.00012077294691614142	984
5020	0.00012077294691614142	985
503618	0.00012077294691614142	986
5037	0.00012077294691614142	987
503841	0.00012077294691614142	988
504180	0.00012077294691614142	989
50508	0.00012077294691614142	990
50509	0.00012077294691614142	991
5054	0.00012077294691614142	992
506	0.00012077294691614142	993
50632	0.00012077294691614142	994
50674	0.00012077294691614142	995
50700	0.00012077294691614142	996
50833	0.00012077294691614142	997
50855	0.00012077294691614142	998
5092	0.00012077294691614142	999
5093	0.00012077294691614142	1000
50964	0.00012077294691614142	1001
51001	0.00012077294691614142	1002
51018	0.00012077294691614142	1003
51024	0.00012077294691614142	1004
51025	0.00012077294691614142	1005
51027	0.00012077294691614142	1006
51042	0.00012077294691614142	1007
51052	0.00012077294691614142	1008
51083	0.00012077294691614142	1009
51103	0.00012077294691614142	1010
51121	0.00012077294691614142	1011
51122	0.00012077294691614142	1012
51138	0.00012077294691614142	1013
51143	0.00012077294691614142	1014
51146	0.00012077294691614142	1015
51154	0.00012077294691614142	1016
51184	0.00012077294691614142	1017
51202	0.00012077294691614142	1018
51204	0.00012077294691614142	1019
51209	0.00012077294691614142	1020
51218	0.00012077294691614142	1021
51236	0.00012077294691614142	1022
51258	0.00012077294691614142	1023
5128	0.00012077294691614142	1024
51284	0.00012077294691614142	1025
51287	0.00012077294691614142	1026
51289	0.00012077294691614142	1027
513	0.00012077294691614142	1028
51301	0.00012077294691614142	1029
51302	0.00012077294691614142	1030
51371	0.00012077294691614142	1031
51373	0.00012077294691614142	1032
5139	0.00012077294691614142	1033
51397	0.00012077294691614142	1034
5140	0.00012077294691614142	1035
51406	0.00012077294691614142	1036
51465	0.00012077294691614142	1037
5149	0.00012077294691614142	1038
51504	0.00012077294691614142	1039
51517	0.00012077294691614142	1040
51554	0.00012077294691614142	1041
51561	0.00012077294691614142	1042
51588	0.00012077294691614142	1043
51608	0.00012077294691614142	1044
5161	0.00012077294691614142	1045
51616	0.00012077294691614142	1046
51639	0.00012077294691614142	1047
51645	0.00012077294691614142	1048
51655	0.00012077294691614142	1049
51659	0.00012077294691614142	1050
5166	0.00012077294691614142	1051
51691	0.00012077294691614142	1052
51728	0.00012077294691614142	1053
5173	0.00012077294691614142	1054
5175	0.00012077294691614142	1055
51750	0.00012077294691614142	1056
51764	0.00012077294691614142	1057
51778	0.00012077294691614142	1058
518	0.00012077294691614142	1059
51806	0.00012077294691614142	1060
5194	0.00012077294691614142	1061
5196	0.00012077294691614142	1062
5197	0.00012077294691614142	1063
5202	0.00012077294691614142	1064
5216	0.00012077294691614142	1065
5223	0.00012077294691614142	1066
5224	0.00012077294691614142	1067
5232	0.00012077294691614142	1068
5251	0.00012077294691614142	1069
5266	0.00012077294691614142	1070
5283	0.00012077294691614142	1071
5284	0.00012077294691614142	1072
5290	0.00012077294691614142	1073
5291	0.00012077294691614142	1074
53340	0.00012077294691614142	1075
5350	0.00012077294691614142	1076
5362	0.00012077294691614142	1077
5367	0.00012077294691614142	1078
539	0.00012077294691614142	1079
5406	0.00012077294691614142	1080
54069	0.00012077294691614142	1081
5409	0.00012077294691614142	1082
54106	0.00012077294691614142	1083
54145	0.00012077294691614142	1084
54205	0.00012077294691614142	1085
54331	0.00012077294691614142	1086
54344	0.00012077294691614142	1087
54363	0.00012077294691614142	1088
5437	0.00012077294691614142	1089
5438	0.00012077294691614142	1090
54386	0.00012077294691614142	1091
5441	0.00012077294691614142	1092
5444	0.00012077294691614142	1093
54460	0.00012077294691614142	1094
54492	0.00012077294691614142	1095
54512	0.00012077294691614142	1096
54534	0.00012077294691614142	1097
54541	0.00012077294691614142	1098
54567	0.00012077294691614142	1099
54576	0.00012077294691614142	1100
54583	0.00012077294691614142	1101
5462	0.00012077294691614142	1102
54657	0.00012077294691614142	1103
54658	0.00012077294691614142	1104
5471	0.00012077294691614142	1105
5473	0.00012077294691614142	1106
54734	0.00012077294691614142	1107
54764	0.00012077294691614142	1108
54784	0.00012077294691614142	1109
54785	0.00012077294691614142	1110
5479	0.00012077294691614142	1111
5481	0.00012077294691614142	1112
548644	0.00012077294691614142	1113
54883	0.00012077294691614142	1114
54913	0.00012077294691614142	1115
54918	0.00012077294691614142	1116
54926	0.00012077294691614142	1117
54928	0.00012077294691614142	1118
54948	0.00012077294691614142	1119
54949	0.00012077294691614142	1120
54957	0.00012077294691614142	1121
54984	0.00012077294691614142	1122
54995	0.00012077294691614142	1123
55003	0.00012077294691614142	1124
55039	0.00012077294691614142	1125
5504	0.00012077294691614142	1126
55052	0.00012077294691614142	1127
5506	0.00012077294691614142	1128
5507	0.00012077294691614142	1129
55081	0.00012077294691614142	1130
5509	0.00012077294691614142	1131
55090	0.00012077294691614142	1132
551	0.00012077294691614142	1133
55100	0.00012077294691614142	1134
55131	0.00012077294691614142	1135
55166	0.00012077294691614142	1136
55167	0.00012077294691614142	1137
55170	0.00012077294691614142	1138
55173	0.00012077294691614142	1139
552	0.00012077294691614142	1140
55226	0.00012077294691614142	1141
55234	0.00012077294691614142	1142
55257	0.00012077294691614142	1143
55272	0.00012077294691614142	1144
553	0.00012077294691614142	1145
55330	0.00012077294691614142	1146
5539	0.00012077294691614142	1147
5540	0.00012077294691614142	1148
554313	0.00012077294691614142	1149
55454	0.00012077294691614142	1150
5549	0.00012077294691614142	1151
55505	0.00012077294691614142	1152
55509	0.00012077294691614142	1153
5551	0.00012077294691614142	1154
5552	0.00012077294691614142	1155
55527	0.00012077294691614142	1156
55529	0.00012077294691614142	1157
55558	0.00012077294691614142	1158
55571	0.00012077294691614142	1159
55584	0.00012077294691614142	1160
55602	0.00012077294691614142	1161
5565	0.00012077294691614142	1162
55651	0.00012077294691614142	1163
5568	0.00012077294691614142	1164
55723	0.00012077294691614142	1165
55766	0.00012077294691614142	1166
55794	0.00012077294691614142	1167
55800	0.00012077294691614142	1168
55802	0.00012077294691614142	1169
55824	0.00012077294691614142	1170
55845	0.00012077294691614142	1171
55851	0.00012077294691614142	1172
55859	0.00012077294691614142	1173
5589	0.00012077294691614142	1174
55894	0.00012077294691614142	1175
5591	0.00012077294691614142	1176
5593	0.00012077294691614142	1177
55957	0.00012077294691614142	1178
55958	0.00012077294691614142	1179
55970	0.00012077294691614142	1180
56001	0.00012077294691614142	1181
56154	0.00012077294691614142	1182
56160	0.00012077294691614142	1183
56165	0.00012077294691614142	1184
5623	0.00012077294691614142	1185
56302	0.00012077294691614142	1186
56548	0.00012077294691614142	1187
56603	0.00012077294691614142	1188
56648	0.00012077294691614142	1189
56659	0.00012077294691614142	1190
56660	0.00012077294691614142	1191
56667	0.00012077294691614142	1192
56729	0.00012077294691614142	1193
5689	0.00012077294691614142	1194
56893	0.00012077294691614142	1195
56902	0.00012077294691614142	1196
5691	0.00012077294691614142	1197
56912	0.00012077294691614142	1198
56915	0.00012077294691614142	1199
56920	0.00012077294691614142	1200
56923	0.00012077294691614142	1201
56942	0.00012077294691614142	1202
56957	0.00012077294691614142	1203
5698	0.00012077294691614142	1204
56993	0.00012077294691614142	1205
57001	0.00012077294691614142	1206
57007	0.00012077294691614142	1207
5702	0.00012077294691614142	1208
5704	0.00012077294691614142	1209
57050	0.00012077294691614142	1210
57084	0.00012077294691614142	1211
57099	0.00012077294691614142	1212
57105	0.00012077294691614142	1213
57124	0.00012077294691614142	1214
57132	0.00012077294691614142	1215
57154	0.00012077294691614142	1216
57158	0.00012077294691614142	1217
57221	0.00012077294691614142	1218
5726	0.00012077294691614142	1219
5729	0.00012077294691614142	1220
5731	0.00012077294691614142	1221
5734	0.00012077294691614142	1222
57393	0.00012077294691614142	1223
5741	0.00012077294691614142	1224
5746	0.00012077294691614142	1225
5753	0.00012077294691614142	1226
57546	0.00012077294691614142	1227
57561	0.00012077294691614142	1228
57570	0.00012077294691614142	1229
57604	0.00012077294691614142	1230
57647	0.00012077294691614142	1231
5775	0.00012077294691614142	1232
57804	0.00012077294691614142	1233
5805	0.00012077294691614142	1234
5806	0.00012077294691614142	1235
58157	0.00012077294691614142	1236
5822	0.00012077294691614142	1237
5832	0.00012077294691614142	1238
58480	0.00012077294691614142	1239
58498	0.00012077294691614142	1240
5881	0.00012077294691614142	1241
5883	0.00012077294691614142	1242
5897	0.00012077294691614142	1243
5898	0.00012077294691614142	1244
5911	0.00012077294691614142	1245
5917	0.00012077294691614142	1246
59283	0.00012077294691614142	1247
59284	0.00012077294691614142	1248
59285	0.00012077294691614142	1249
5948	0.00012077294691614142	1250
5949	0.00012077294691614142	1251
595	0.00012077294691614142	1252
5957	0.00012077294691614142	1253
5967	0.00012077294691614142	1254
5968	0.00012077294691614142	1255
597	0.00012077294691614142	1256
5997	0.00012077294691614142	1257
6004	0.00012077294691614142	1258
6010	0.00012077294691614142	1259
6011	0.00012077294691614142	1260
6013	0.00012077294691614142	1261
6015	0.00012077294691614142	1262
6019	0.00012077294691614142	1263
6036	0.00012077294691614142	1264
6037	0.00012077294691614142	1265
6048	0.00012077294691614142	1266
60482	0.00012077294691614142	1267
60489	0.00012077294691614142	1268
60561	0.00012077294691614142	1269
60675	0.00012077294691614142	1270
6093	0.00012077294691614142	1271
610	0.00012077294691614142	1272
6102	0.00012077294691614142	1273
611	0.00012077294691614142	1274
6121	0.00012077294691614142	1275
6123	0.00012077294691614142	1276
613209	0.00012077294691614142	1277
613210	0.00012077294691614142	1278
613211	0.00012077294691614142	1279
6166	0.00012077294691614142	1280
6170	0.00012077294691614142	1281
6171	0.00012077294691614142	1282
6181	0.00012077294691614142	1283
6182	0.00012077294691614142	1284
6193	0.00012077294691614142	1285
619373	0.00012077294691614142	1286
6205	0.00012077294691614142	1287
6206	0.00012077294691614142	1288
6207	0.00012077294691614142	1289
6217	0.00012077294691614142	1290
6222	0.00012077294691614142	1291
6223	0.00012077294691614142	1292
6234	0.00012077294691614142	1293
6237	0.00012077294691614142	1294
6247	0.00012077294691614142	1295
6281	0.00012077294691614142	1296
6283	0.00012077294691614142	1297
629	0.00012077294691614142	1298
6293	0.00012077294691614142	1299
6319	0.00012077294691614142	1300
632	0.00012077294691614142	1301
6327	0.00012077294691614142	1302
6330	0.00012077294691614142	1303
6340	0.00012077294691614142	1304
6343	0.00012077294691614142	1305
6346	0.00012077294691614142	1306
6347	0.00012077294691614142	1307
6348	0.00012077294691614142	1308
6351	0.00012077294691614142	1309
6352	0.00012077294691614142	1310
6355	0.00012077294691614142	1311
6356	0.00012077294691614142	1312
6357	0.00012077294691614142	1313
6358	0.00012077294691614142	1314
6359	0.00012077294691614142	1315
6360	0.00012077294691614142	1316
6362	0.00012077294691614142	1317
6366	0.00012077294691614142	1318
6367	0.00012077294691614142	1319
6374	0.00012077294691614142	1320
6375	0.00012077294691614142	1321
6376	0.00012077294691614142	1322
638	0.00012077294691614142	1323
6385	0.00012077294691614142	1324
63875	0.00012077294691614142	1325
63931	0.00012077294691614142	1326
63973	0.00012077294691614142	1327
63978	0.00012077294691614142	1328
6398	0.00012077294691614142	1329
64064	0.00012077294691614142	1330
64100	0.00012077294691614142	1331
64106	0.00012077294691614142	1332
64111	0.00012077294691614142	1333
64112	0.00012077294691614142	1334
64121	0.00012077294691614142	1335
641371	0.00012077294691614142	1336
64216	0.00012077294691614142	1337
6423	0.00012077294691614142	1338
6425	0.00012077294691614142	1339
64283	0.00012077294691614142	1340
643	0.00012077294691614142	1341
64388	0.00012077294691614142	1342
64398	0.00012077294691614142	1343
644096	0.00012077294691614142	1344
644186	0.00012077294691614142	1345
64431	0.00012077294691614142	1346
64432	0.00012077294691614142	1347
64434	0.00012077294691614142	1348
644414	0.00012077294691614142	1349
645402	0.00012077294691614142	1350
6455	0.00012077294691614142	1351
645836	0.00012077294691614142	1352
6469	0.00012077294691614142	1353
64711	0.00012077294691614142	1354
64746	0.00012077294691614142	1355
6476	0.00012077294691614142	1356
6478	0.00012077294691614142	1357
64928	0.00012077294691614142	1358
64949	0.00012077294691614142	1359
64965	0.00012077294691614142	1360
64968	0.00012077294691614142	1361
64975	0.00012077294691614142	1362
64976	0.00012077294691614142	1363
64981	0.00012077294691614142	1364
64983	0.00012077294691614142	1365
650	0.00012077294691614142	1366
65018	0.00012077294691614142	1367
65080	0.00012077294691614142	1368
652968	0.00012077294691614142	1369
653	0.00012077294691614142	1370
653145	0.00012077294691614142	1371
653499	0.00012077294691614142	1372
653604	0.00012077294691614142	1373
6572	0.00012077294691614142	1374
6588	0.00012077294691614142	1375
6590	0.00012077294691614142	1376
6610	0.00012077294691614142	1377
6615	0.00012077294691614142	1378
6617	0.00012077294691614142	1379
6621	0.00012077294691614142	1380
9635	0.00012077294691614142	1381
6640	0.00012077294691614142	1382
6643	0.00012077294691614142	1383
6649	0.00012077294691614142	1384
6657	0.00012077294691614142	1385
6662	0.00012077294691614142	1386
6697	0.00012077294691614142	1387
6698	0.00012077294691614142	1388
6699	0.00012077294691614142	1389
6700	0.00012077294691614142	1390
6701	0.00012077294691614142	1391
6703	0.00012077294691614142	1392
6704	0.00012077294691614142	1393
6705	0.00012077294691614142	1394
6706	0.00012077294691614142	1395
6716	0.00012077294691614142	1396
6722	0.00012077294691614142	1397
6725	0.00012077294691614142	1398
6747	0.00012077294691614142	1399
6749	0.00012077294691614142	1400
6750	0.00012077294691614142	1401
6751	0.00012077294691614142	1402
6752	0.00012077294691614142	1403
6753	0.00012077294691614142	1404
6754	0.00012077294691614142	1405
6755	0.00012077294691614142	1406
6782	0.00012077294691614142	1407
6827	0.00012077294691614142	1408
6838	0.00012077294691614142	1409
6844	0.00012077294691614142	1410
6846	0.00012077294691614142	1411
6871	0.00012077294691614142	1412
6879	0.00012077294691614142	1413
6880	0.00012077294691614142	1414
6903	0.00012077294691614142	1415
6905	0.00012077294691614142	1416
692312	0.00012077294691614142	1417
6928	0.00012077294691614142	1418
694	0.00012077294691614142	1419
6947	0.00012077294691614142	1420
6948	0.00012077294691614142	1421
6991	0.00012077294691614142	1422
6992	0.00012077294691614142	1423
6999	0.00012077294691614142	1424
70	0.00012077294691614142	1425
7004	0.00012077294691614142	1426
7022	0.00012077294691614142	1427
7031	0.00012077294691614142	1428
7032	0.00012077294691614142	1429
7043	0.00012077294691614142	1430
7056	0.00012077294691614142	1431
708	0.00012077294691614142	1432
7092	0.00012077294691614142	1433
7093	0.00012077294691614142	1434
7096	0.00012077294691614142	1435
7097	0.00012077294691614142	1436
7122	0.00012077294691614142	1437
7124	0.00012077294691614142	1438
7130	0.00012077294691614142	1439
7132	0.00012077294691614142	1440
7141	0.00012077294691614142	1441
7142	0.00012077294691614142	1442
7150	0.00012077294691614142	1443
7166	0.00012077294691614142	1444
719	0.00012077294691614142	1445
720	0.00012077294691614142	1446
7200	0.00012077294691614142	1447
7201	0.00012077294691614142	1448
721	0.00012077294691614142	1449
723790	0.00012077294691614142	1450
7252	0.00012077294691614142	1451
7268	0.00012077294691614142	1452
727	0.00012077294691614142	1453
7275	0.00012077294691614142	1454
728	0.00012077294691614142	1455
7280	0.00012077294691614142	1456
7283	0.00012077294691614142	1457
728358	0.00012077294691614142	1458
728386	0.00012077294691614142	1459
729020	0.00012077294691614142	1460
729230	0.00012077294691614142	1461
729438	0.00012077294691614142	1462
729447	0.00012077294691614142	1463
7299	0.00012077294691614142	1464
729991	0.00012077294691614142	1465
729993	0.00012077294691614142	1466
7311	0.00012077294691614142	1467
7320	0.00012077294691614142	1468
7348	0.00012077294691614142	1469
7349	0.00012077294691614142	1470
7379	0.00012077294691614142	1471
738	0.00012077294691614142	1472
7386	0.00012077294691614142	1473
740	0.00012077294691614142	1474
7405	0.00012077294691614142	1475
7409	0.00012077294691614142	1476
7424	0.00012077294691614142	1477
7425	0.00012077294691614142	1478
7428	0.00012077294691614142	1479
7441	0.00012077294691614142	1480
7443	0.00012077294691614142	1481
7475	0.00012077294691614142	1482
7476	0.00012077294691614142	1483
7479	0.00012077294691614142	1484
7483	0.00012077294691614142	1485
7504	0.00012077294691614142	1486
7516	0.00012077294691614142	1487
7532	0.00012077294691614142	1488
7538	0.00012077294691614142	1489
7703	0.00012077294691614142	1490
7737	0.00012077294691614142	1491
7832	0.00012077294691614142	1492
784	0.00012077294691614142	1493
7844	0.00012077294691614142	1494
7852	0.00012077294691614142	1495
7855	0.00012077294691614142	1496
786	0.00012077294691614142	1497
78988	0.00012077294691614142	1498
79023	0.00012077294691614142	1499
79050	0.00012077294691614142	1500
79075	0.00012077294691614142	1501
79077	0.00012077294691614142	1502
79159	0.00012077294691614142	1503
7923	0.00012077294691614142	1504
79365	0.00012077294691614142	1505
79369	0.00012077294691614142	1506
79441	0.00012077294691614142	1507
79447	0.00012077294691614142	1508
79594	0.00012077294691614142	1509
79611	0.00012077294691614142	1510
79643	0.00012077294691614142	1511
79646	0.00012077294691614142	1512
79660	0.00012077294691614142	1513
79695	0.00012077294691614142	1514
79697	0.00012077294691614142	1515
79717	0.00012077294691614142	1516
79720	0.00012077294691614142	1517
7979	0.00012077294691614142	1518
79803	0.00012077294691614142	1519
79820	0.00012077294691614142	1520
79871	0.00012077294691614142	1521
79897	0.00012077294691614142	1522
79924	0.00012077294691614142	1523
80271	0.00012077294691614142	1524
80326	0.00012077294691614142	1525
80328	0.00012077294691614142	1526
80329	0.00012077294691614142	1527
80349	0.00012077294691614142	1528
80351	0.00012077294691614142	1529
80380	0.00012077294691614142	1530
8061	0.00012077294691614142	1531
8074	0.00012077294691614142	1532
80834	0.00012077294691614142	1533
8089	0.00012077294691614142	1534
81027	0.00012077294691614142	1535
8148	0.00012077294691614142	1536
81488	0.00012077294691614142	1537
81501	0.00012077294691614142	1538
81537	0.00012077294691614142	1539
81567	0.00012077294691614142	1540
81572	0.00012077294691614142	1541
81607	0.00012077294691614142	1542
81620	0.00012077294691614142	1543
81622	0.00012077294691614142	1544
81623	0.00012077294691614142	1545
819	0.00012077294691614142	1546
81930	0.00012077294691614142	1547
820	0.00012077294691614142	1548
8200	0.00012077294691614142	1549
8208	0.00012077294691614142	1550
8269	0.00012077294691614142	1551
8270	0.00012077294691614142	1552
8288	0.00012077294691614142	1553
8290	0.00012077294691614142	1554
8294	0.00012077294691614142	1555
8302	0.00012077294691614142	1556
8321	0.00012077294691614142	1557
8322	0.00012077294691614142	1558
8324	0.00012077294691614142	1559
8325	0.00012077294691614142	1560
8326	0.00012077294691614142	1561
8329	0.00012077294691614142	1562
8330	0.00012077294691614142	1563
8331	0.00012077294691614142	1564
8332	0.00012077294691614142	1565
8334	0.00012077294691614142	1566
8335	0.00012077294691614142	1567
8336	0.00012077294691614142	1568
8337	0.00012077294691614142	1569
8338	0.00012077294691614142	1570
8339	0.00012077294691614142	1571
8340	0.00012077294691614142	1572
8341	0.00012077294691614142	1573
8342	0.00012077294691614142	1574
8343	0.00012077294691614142	1575
83439	0.00012077294691614142	1576
8344	0.00012077294691614142	1577
83443	0.00012077294691614142	1578
83447	0.00012077294691614142	1579
8345	0.00012077294691614142	1580
83452	0.00012077294691614142	1581
8346	0.00012077294691614142	1582
83460	0.00012077294691614142	1583
8347	0.00012077294691614142	1584
8348	0.00012077294691614142	1585
83480	0.00012077294691614142	1586
8350	0.00012077294691614142	1587
8351	0.00012077294691614142	1588
8352	0.00012077294691614142	1589
8353	0.00012077294691614142	1590
8354	0.00012077294691614142	1591
8355	0.00012077294691614142	1592
8356	0.00012077294691614142	1593
8357	0.00012077294691614142	1594
8358	0.00012077294691614142	1595
8359	0.00012077294691614142	1596
83593	0.00012077294691614142	1597
8360	0.00012077294691614142	1598
8361	0.00012077294691614142	1599
8362	0.00012077294691614142	1600
8363	0.00012077294691614142	1601
8364	0.00012077294691614142	1602
8365	0.00012077294691614142	1603
8366	0.00012077294691614142	1604
83667	0.00012077294691614142	1605
8367	0.00012077294691614142	1606
8368	0.00012077294691614142	1607
8370	0.00012077294691614142	1608
83729	0.00012077294691614142	1609
83732	0.00012077294691614142	1610
6626	0.00012077294691614142	1611
83756	0.00012077294691614142	1612
83758	0.00012077294691614142	1613
83860	0.00012077294691614142	1614
83888	0.00012077294691614142	1615
8396	0.00012077294691614142	1616
83987	0.00012077294691614142	1617
83990	0.00012077294691614142	1618
84057	0.00012077294691614142	1619
84075	0.00012077294691614142	1620
84076	0.00012077294691614142	1621
84171	0.00012077294691614142	1622
8419	0.00012077294691614142	1623
8424	0.00012077294691614142	1624
84246	0.00012077294691614142	1625
84266	0.00012077294691614142	1626
84290	0.00012077294691614142	1627
8431	0.00012077294691614142	1628
84311	0.00012077294691614142	1629
84313	0.00012077294691614142	1630
84324	0.00012077294691614142	1631
84343	0.00012077294691614142	1632
84376	0.00012077294691614142	1633
8439	0.00012077294691614142	1634
84432	0.00012077294691614142	1635
84433	0.00012077294691614142	1636
84520	0.00012077294691614142	1637
84612	0.00012077294691614142	1638
84618	0.00012077294691614142	1639
84627	0.00012077294691614142	1640
84648	0.00012077294691614142	1641
8467	0.00012077294691614142	1642
84676	0.00012077294691614142	1643
847	0.00012077294691614142	1644
84701	0.00012077294691614142	1645
84752	0.00012077294691614142	1646
8484	0.00012077294691614142	1647
84844	0.00012077294691614142	1648
84868	0.00012077294691614142	1649
84891	0.00012077294691614142	1650
84919	0.00012077294691614142	1651
84920	0.00012077294691614142	1652
84946	0.00012077294691614142	1653
84967	0.00012077294691614142	1654
84976	0.00012077294691614142	1655
84987	0.00012077294691614142	1656
84992	0.00012077294691614142	1657
8505	0.00012077294691614142	1658
8516	0.00012077294691614142	1659
8517	0.00012077294691614142	1660
85235	0.00012077294691614142	1661
85236	0.00012077294691614142	1662
8534	0.00012077294691614142	1663
85407	0.00012077294691614142	1664
85455	0.00012077294691614142	1665
8553	0.00012077294691614142	1666
85569	0.00012077294691614142	1667
8557	0.00012077294691614142	1668
859	0.00012077294691614142	1669
8608	0.00012077294691614142	1670
8613	0.00012077294691614142	1671
8620	0.00012077294691614142	1672
8639	0.00012077294691614142	1673
8642	0.00012077294691614142	1674
8651	0.00012077294691614142	1675
8660	0.00012077294691614142	1676
867	0.00012077294691614142	1677
8683	0.00012077294691614142	1678
8693	0.00012077294691614142	1679
8698	0.00012077294691614142	1680
874	0.00012077294691614142	1681
8744	0.00012077294691614142	1682
8767	0.00012077294691614142	1683
8771	0.00012077294691614142	1684
8772	0.00012077294691614142	1685
8775	0.00012077294691614142	1686
8789	0.00012077294691614142	1687
8800	0.00012077294691614142	1688
8807	0.00012077294691614142	1689
8811	0.00012077294691614142	1690
8815	0.00012077294691614142	1691
8817	0.00012077294691614142	1692
8819	0.00012077294691614142	1693
8823	0.00012077294691614142	1694
8825	0.00012077294691614142	1695
8850	0.00012077294691614142	1696
8851	0.00012077294691614142	1697
886	0.00012077294691614142	1698
88745	0.00012077294691614142	1699
8876	0.00012077294691614142	1700
8894	0.00012077294691614142	1701
89	0.00012077294691614142	1702
8928	0.00012077294691614142	1703
894	0.00012077294691614142	1704
8968	0.00012077294691614142	1705
8969	0.00012077294691614142	1706
8970	0.00012077294691614142	1707
8971	0.00012077294691614142	1708
8972	0.00012077294691614142	1709
8975	0.00012077294691614142	1710
8976	0.00012077294691614142	1711
89780	0.00012077294691614142	1712
8987	0.00012077294691614142	1713
8988	0.00012077294691614142	1714
8992	0.00012077294691614142	1715
9002	0.00012077294691614142	1716
90121	0.00012077294691614142	1717
9021	0.00012077294691614142	1718
90226	0.00012077294691614142	1719
9023	0.00012077294691614142	1720
90324	0.00012077294691614142	1721
90353	0.00012077294691614142	1722
90390	0.00012077294691614142	1723
9040	0.00012077294691614142	1724
90423	0.00012077294691614142	1725
90441	0.00012077294691614142	1726
90480	0.00012077294691614142	1727
90580	0.00012077294691614142	1728
9061	0.00012077294691614142	1729
90639	0.00012077294691614142	1730
90701	0.00012077294691614142	1731
90780	0.00012077294691614142	1732
91179	0.00012077294691614142	1733
9133	0.00012077294691614142	1734
9136	0.00012077294691614142	1735
91368	0.00012077294691614142	1736
914	0.00012077294691614142	1737
91419	0.00012077294691614142	1738
91582	0.00012077294691614142	1739
91584	0.00012077294691614142	1740
91603	0.00012077294691614142	1741
9183	0.00012077294691614142	1742
9196	0.00012077294691614142	1743
92104	0.00012077294691614142	1744
9219	0.00012077294691614142	1745
92335	0.00012077294691614142	1746
92345	0.00012077294691614142	1747
924	0.00012077294691614142	1748
9241	0.00012077294691614142	1749
92421	0.00012077294691614142	1750
9249	0.00012077294691614142	1751
9253	0.00012077294691614142	1752
92552	0.00012077294691614142	1753
92597	0.00012077294691614142	1754
9271	0.00012077294691614142	1755
92737	0.00012077294691614142	1756
9278	0.00012077294691614142	1757
92815	0.00012077294691614142	1758
9296	0.00012077294691614142	1759
92960	0.00012077294691614142	1760
93010	0.00012077294691614142	1761
9306	0.00012077294691614142	1762
9312	0.00012077294691614142	1763
93183	0.00012077294691614142	1764
9326	0.00012077294691614142	1765
9334	0.00012077294691614142	1766
93380	0.00012077294691614142	1767
93408	0.00012077294691614142	1768
93432	0.00012077294691614142	1769
9348	0.00012077294691614142	1770
9350	0.00012077294691614142	1771
9363	0.00012077294691614142	1772
9365	0.00012077294691614142	1773
93659	0.00012077294691614142	1774
93661	0.00012077294691614142	1775
9367	0.00012077294691614142	1776
9371	0.00012077294691614142	1777
9391	0.00012077294691614142	1778
9394	0.00012077294691614142	1779
93978	0.00012077294691614142	1780
94115	0.00012077294691614142	1781
9412	0.00012077294691614142	1782
94137	0.00012077294691614142	1783
9420	0.00012077294691614142	1784
9421	0.00012077294691614142	1785
9423	0.00012077294691614142	1786
94235	0.00012077294691614142	1787
9435	0.00012077294691614142	1788
9443	0.00012077294691614142	1789
9450	0.00012077294691614142	1790
9464	0.00012077294691614142	1791
9466	0.00012077294691614142	1792
9469	0.00012077294691614142	1793
9478	0.00012077294691614142	1794
9495	0.00012077294691614142	1795
95	0.00012077294691614142	1796
9517	0.00012077294691614142	1797
9518	0.00012077294691614142	1798
9529	0.00012077294691614142	1799
9550	0.00012077294691614142	1800
9551	0.00012077294691614142	1801
9553	0.00012077294691614142	1802
9554	0.00012077294691614142	1803
9560	0.00012077294691614142	1804
9572	0.00012077294691614142	1805
9588	0.00012077294691614142	1806
959	0.00012077294691614142	1807
9607	0.00012077294691614142	1808
9630	0.00012077294691614142	1809
100287441	0.00012077294691614142	1810
100008586	0.00012077294691614142	1811
100101267	0.00012077294691614142	1812
100126572	0.00012077294691614142	1813
100128731	0.00012077294691614142	1814
100188893	0.00012077294691614142	1815
10021	0.00012077294691614142	1816
10022	0.00012077294691614142	1817
100287144	0.00012077294691614142	1818
100287178	0.00012077294691614142	1819
100287205	0.00012077294691614142	1820
100287238	0.00012077294691614142	1821
100287327	0.00012077294691614142	1822
100287364	0.00012077294691614142	1823
100287404	0.00012077294691614142	1824
10	0.00012077294691614142	1825
9875	0.00012077294691614142	1826
9641	0.00012077294691614142	1827
9646	0.00012077294691614142	1828
9694	0.00012077294691614142	1829
97	0.00012077294691614142	1830
9724	0.00012077294691614142	1831
9757	0.00012077294691614142	1832
9761	0.00012077294691614142	1833
978	0.00012077294691614142	1834
9782	0.00012077294691614142	1835
9790	0.00012077294691614142	1836
9833	0.00012077294691614142	1837
9836	0.00012077294691614142	1838
9865	0.00012077294691614142	1839
9868	0.00012077294691614142	1840
83740	0.00012077294691614142	1841
